OBJECTID,SGMN_NAME,CTGR,NMBR,STDY_NAME,SHAPESTLength
1,TROVATO LINK ROAD,S2,13b,WATERLOO / WOLFE STREET,442.5843898
2,TROVATO LINK ROAD,S2,13b,WATERLOO / WOLFE STREET,354.5513697
3,TROVATO LINK ROAD,S2,13b,WATERLOO / WOLFE STREET,62.37431786
4,TROVATO LINK ROAD,S2,13b,WATERLOO / WOLFE STREET,30.35640257
5,TROVATO LINK ROAD,S2,13b,WATERLOO / WOLFE STREET,101.5361775
6,WATERLOO ROAD,S2,13b,WATERLOO / WOLFE STREET,77.6815745
7,WATERLOO ROAD,S2,13b,WATERLOO / WOLFE STREET,68.56527755
8,WATERLOO ROAD,S2,13b,WATERLOO / WOLFE STREET,62.09692935
9,WATERLOO ROAD,S2,13b,WATERLOO / WOLFE STREET,150.2541552
10,WATERLOO ROAD,S2,13b,WATERLOO / WOLFE STREET,88.14212241
11,CONSTANTIA MAIN ROAD,S2,14,CONSTANTIA MAIN ROAD,20.1502102
12,CONSTANTIA MAIN ROAD,S2,14,CONSTANTIA MAIN ROAD,146.948989
13,CONSTANTIA MAIN ROAD,S2,14,CONSTANTIA MAIN ROAD,119.9176087
14,STEENBERG ROAD,S1,12a,STEENBERG ROAD,10.22110277
15,STEENBERG ROAD,S1,12a,STEENBERG ROAD,169.5666467
16,OU KAAPSE WEG,S1,9,OU KAAPSE WEG,114.4226837
17,STEENBERG ROAD,S1,9,OU KAAPSE WEG,220.8158882
18,OU KAAPSE WEG,S1,9,OU KAAPSE WEG,63.86101734
19,OU KAAPSE WEG,S1,9,OU KAAPSE WEG,213.4226943
20,OU KAAPSE WEG,S1,9,OU KAAPSE WEG,148.8195086
21,BOYES DRIVE,S1,8,BOYES DRIVE,59.64429463
22,BOYES DRIVE,S1,8,BOYES DRIVE,69.83887132
23,OU KAAPSE WEG,S1,9,OU KAAPSE WEG,3041.119635
24,OU KAAPSE WEG,S1,9,OU KAAPSE WEG,725.5034956
25,BOYES DRIVE,S1,8,BOYES DRIVE,2723.227082
26,BOYES DRIVE,S1,8,BOYES DRIVE,245.106242
27,OU KAAPSE WEG,S1,9,OU KAAPSE WEG,3607.770153
28,BOYES DRIVE,S1,8,BOYES DRIVE,1933.740051
29,BOYES DRIVE,S1,8,BOYES DRIVE,83.29633696
30,BOYES DRIVE,S1,8,BOYES DRIVE,71.6858157
31,BOYES DRIVE,S1,8,BOYES DRIVE,76.05344975
32,BOYES DRIVE,S1,8,BOYES DRIVE,117.9289561
33,OU KAAPSE WEG,S1,9,OU KAAPSE WEG,2861.801137
34,BOYES DRIVE,S1,8,BOYES DRIVE,1161.531531
35,LOCH ROAD,S1,8,BOYES DRIVE,162.3083915
36,LOCH ROAD,S1,8,BOYES DRIVE,60.32372388
37,CLAIRVAUX ROAD,S1,8,BOYES DRIVE,5.308451854
38,CLAIRVAUX ROAD,S1,8,BOYES DRIVE,61.52327891
39,CLAIRVAUX ROAD,S1,8,BOYES DRIVE,38.44439793
40,CLAIRVAUX ROAD,S1,8,BOYES DRIVE,52.31224769
41,CLAIRVAUX ROAD,S1,8,BOYES DRIVE,100.2759047
42,MAIN ROAD,S1,2c,MAIN ROAD,18.19136329
43,MAIN ROAD,S1,2c,MAIN ROAD,85.66577324
44,MAIN ROAD,S1,2c,MAIN ROAD,589.2348682
45,GLENCAIRN EXPRESSWAY,S1,7,GLENCAIRN EXPRESSWAY,5134.911593
46,GLENCAIRN EXPRESSWAY,S1,7,GLENCAIRN EXPRESSWAY,213.2586288
47,MAIN ROAD,S1,2c,MAIN ROAD,1976.66743
48,GLENCAIRN EXPRESSWAY,S1,7,GLENCAIRN EXPRESSWAY,38.94146902
49,MAIN ROAD,S1,2c,MAIN ROAD,52.18667351
50,MAIN ROAD,S1,2c,MAIN ROAD,118.6861152
51,MAIN ROAD,S1,2c,MAIN ROAD,41.80119529
52,MAIN ROAD,S1,2c,MAIN ROAD,50.73617533
53,MAIN ROAD,S1,2c,MAIN ROAD,252.449615
54,MAIN ROAD,S1,2c,MAIN ROAD,232.5084083
55,MAIN ROAD,S1,2c,MAIN ROAD,413.8183897
56,MAIN ROAD,S1,2c,MAIN ROAD,534.3884837
57,MAIN ROAD,S1,2c,MAIN ROAD,238.8347657
58,MAIN ROAD,S1,2c,MAIN ROAD,614.4307512
59,RED HILL ROAD,S1,3,RED HILL ROAD,245.3480672
60,RED HILL ROAD,S1,3,RED HILL ROAD,130.0895363
61,MAIN ROAD,S2,2b,MAIN ROAD,500.8540319
62,RED HILL ROAD,S1,3,RED HILL ROAD,1141.368518
63,MAIN ROAD,S2,2b,MAIN ROAD,529.9996446
64,ST GEORGES STREET,S2,2b,MAIN ROAD,183.2735663
65,ST GEORGES STREET,S2,2b,MAIN ROAD,20.98682099
66,ST GEORGES STREET,S2,2b,MAIN ROAD,185.1049623
67,ST GEORGES STREET,S2,2b,MAIN ROAD,60.94160058
68,ST GEORGES STREET,S2,2b,MAIN ROAD,105.1236313
69,ST GEORGES STREET,S2,2b,MAIN ROAD,115.39775
70,ST GEORGES STREET,S2,2b,MAIN ROAD,83.68634783
71,ST GEORGES STREET,S2,2b,MAIN ROAD,38.23077372
72,ST GEORGES STREET,S2,2b,MAIN ROAD,34.86150216
73,ST GEORGES STREET,S2,2b,MAIN ROAD,26.18761642
74,ST GEORGES STREET,S2,2b,MAIN ROAD,16.70502146
75,ST GEORGES STREET,S2,2b,MAIN ROAD,36.74891286
76,ST GEORGES STREET,S2,2b,MAIN ROAD,49.04651131
77,ST GEORGES STREET,S2,2b,MAIN ROAD,51.24657547
78,ST GEORGES STREET,S2,2b,MAIN ROAD,287.1702296
79,ST GEORGES STREET,S2,2b,MAIN ROAD,63.63688603
80,ST GEORGES STREET,S2,2b,MAIN ROAD,81.55348434
81,ST GEORGES STREET,S2,2b,MAIN ROAD,78.33417877
82,ST GEORGES STREET,S2,2b,MAIN ROAD,82.01865035
83,ST GEORGES STREET,S2,2b,MAIN ROAD,47.68421409
84,QUEENS ROAD,S2,2b,MAIN ROAD,60.42578317
85,QUEENS ROAD,S2,2b,MAIN ROAD,249.0346293
86,QUEENS ROAD,S2,2b,MAIN ROAD,46.97616476
87,QUEENS ROAD,S2,2b,MAIN ROAD,54.06056137
88,QUEENS ROAD,S2,2b,MAIN ROAD,156.6935124
89,QUEENS ROAD,S2,2b,MAIN ROAD,29.13302787
90,QUEENS ROAD,S2,2b,MAIN ROAD,70.77327225
91,QUEENS ROAD,S2,2b,MAIN ROAD,245.6548765
92,MCFARLANE ROAD,S2,2b,MAIN ROAD,163.8633865
93,MCFARLANE ROAD,S2,2b,MAIN ROAD,43.36788677
94,MCFARLANE ROAD,S2,2b,MAIN ROAD,61.46280201
95,MCFARLANE ROAD,S2,2b,MAIN ROAD,371.8770389
96,MAIN ROAD,S2,2b,MAIN ROAD,98.54186817
97,MAIN ROAD,S2,2b,MAIN ROAD,201.3330922
98,RED HILL ROAD,S1,3,RED HILL ROAD,6116.540107
99,PLATEAU ROAD,S1,1,PLATEAU ROAD,121.6940404
100,MAIN ROAD,S2,2b,MAIN ROAD,338.2593439
101,MAIN ROAD,S2,2b,MAIN ROAD,419.795428
102,MAIN ROAD,S2,2b,MAIN ROAD,70.08386964
103,MAIN ROAD,S2,2b,MAIN ROAD,105.3751986
104,PLATEAU ROAD,S1,1,PLATEAU ROAD,7981.844687
105,CARR HILL STREET,S2,13b,WATERLOO / WOLFE STREET,176.2635963
106,CARR HILL STREET,S2,13b,WATERLOO / WOLFE STREET,29.34762834
107,WATERLOO ROAD,S2,13b,WATERLOO / WOLFE STREET,0.404699312
108,MAIN ROAD,S1,8,BOYES DRIVE,23.07629594
109,STEENBERG ROAD,S1,12a,STEENBERG ROAD,844.8771564
110,MAIN ROAD,S1,8,BOYES DRIVE,467.467329
111,SIMON VAN DER STEL FREEWAY M3,S1,13a,SIMON VAN DER STEL FREEWAY,8.210408955
112,SIMON VAN DER STEL FREEWAY M3,S1,13a,SIMON VAN DER STEL FREEWAY,16.60327867
113,SIMON VAN DER STEL FREEWAY M3,S1,13a,SIMON VAN DER STEL FREEWAY,480.9753648
114,SIMON VAN DER STEL FREEWAY M3,S1,13a,SIMON VAN DER STEL FREEWAY,518.9748716
115,SIMON VAN DER STEL FREEWAY M3,S1,13a,SIMON VAN DER STEL FREEWAY,452.7866526
116,SIMON VAN DER STEL FREEWAY M3,S1,13a,SIMON VAN DER STEL FREEWAY,406.1269815
117,SIMON VAN DER STEL FREEWAY M3,S1,13a,SIMON VAN DER STEL FREEWAY,336.5306974
118,SIMON VAN DER STEL FREEWAY M3,S1,13a,SIMON VAN DER STEL FREEWAY,519.3602895
119,SIMON VAN DER STEL FREEWAY M3,S1,13a,SIMON VAN DER STEL FREEWAY,216.5867999
120,SIMON VAN DER STEL FREEWAY M3,S1,13a,SIMON VAN DER STEL FREEWAY,408.2549855
121,SIMON VAN DER STEL FREEWAY M3,S1,13a,SIMON VAN DER STEL FREEWAY,166.8518634
122,SIMON VAN DER STEL FREEWAY M3,S1,13a,SIMON VAN DER STEL FREEWAY,305.866193
123,SIMON VAN DER STEL FREEWAY M3,S1,13a,SIMON VAN DER STEL FREEWAY,295.6036891
124,SIMON VAN DER STEL FREEWAY M3,S1,13a,SIMON VAN DER STEL FREEWAY,170.4075832
125,SIMON VAN DER STEL FREEWAY M3,S1,13a,SIMON VAN DER STEL FREEWAY,490.2304708
126,SIMON VAN DER STEL FREEWAY M3,S1,13a,SIMON VAN DER STEL FREEWAY,741.3913807
127,SIMON VAN DER STEL FREEWAY M3,S1,13a,SIMON VAN DER STEL FREEWAY,517.1665598
128,SIMON VAN DER STEL FREEWAY M3,S1,13a,SIMON VAN DER STEL FREEWAY,803.3122984
129,SIMON VAN DER STEL FREEWAY M3,S1,13a,SIMON VAN DER STEL FREEWAY,1969.353936
130,SIMON VAN DER STEL FREEWAY M3,S1,13a,SIMON VAN DER STEL FREEWAY,1960.777343
131,SIMON VAN DER STEL FREEWAY M3,S1,13a,SIMON VAN DER STEL FREEWAY,461.6077985
132,SIMON VAN DER STEL FREEWAY M3,S1,13a,SIMON VAN DER STEL FREEWAY,472.0281812
133,SIMON VAN DER STEL FREEWAY M3,S1,13a,SIMON VAN DER STEL FREEWAY,419.8106503
134,SIMON VAN DER STEL FREEWAY M3,S1,13a,SIMON VAN DER STEL FREEWAY,432.9638272
135,SIMON VAN DER STEL FREEWAY M3,S1,13a,SIMON VAN DER STEL FREEWAY,1227.684441
136,SIMON VAN DER STEL FREEWAY M3,S1,13a,SIMON VAN DER STEL FREEWAY,1226.929705
137,MAIN ROAD,S2,2b,MAIN ROAD,486.4244521
138,MAIN ROAD,S2,2d,MAIN ROAD,4305.485153
139,NOORDHOEK ROAD,S2,10,NOORDHOEK ROAD,305.5784281
140,NOORDHOEK ROAD,S2,10,NOORDHOEK ROAD,425.4709577
141,NOORDHOEK ROAD,S2,10,NOORDHOEK ROAD,160.3327927
142,NOORDHOEK ROAD,S2,10,NOORDHOEK ROAD,214.1437966
143,NOORDHOEK ROAD,S2,10,NOORDHOEK ROAD,168.4429511
144,NOORDHOEK ROAD,S2,10,NOORDHOEK ROAD,513.7931896
145,NOORDHOEK ROAD,S2,10,NOORDHOEK ROAD,988.5734769
146,NOORDHOEK ROAD,S2,10,NOORDHOEK ROAD,113.0037356
147,NOORDHOEK ROAD,S2,10,NOORDHOEK ROAD,345.8216832
148,NOORDHOEK ROAD,S2,10,NOORDHOEK ROAD,206.6559957
149,NOORDHOEK ROAD,S2,10,NOORDHOEK ROAD,158.7649876
150,OU KAAPSE WEG,S2,10,NOORDHOEK ROAD,219.2659016
151,OU KAAPSE WEG,S2,10,NOORDHOEK ROAD,302.3233243
152,OU KAAPSE WEG,S2,10,NOORDHOEK ROAD,375.545219
153,MAIN ROAD,S1,4,SCARBOROUGH MAIN ROAD,70.98700971
154,MAIN ROAD,S1,4,SCARBOROUGH MAIN ROAD,50.46469608
155,MAIN ROAD,S1,4,SCARBOROUGH MAIN ROAD,81.53315451
156,MAIN ROAD,S1,4,SCARBOROUGH MAIN ROAD,75.43896471
157,MAIN ROAD,S1,4,SCARBOROUGH MAIN ROAD,41.74232264
158,MAIN ROAD,S1,4,SCARBOROUGH MAIN ROAD,39.48903914
159,MAIN ROAD,S1,4,SCARBOROUGH MAIN ROAD,78.05669058
160,MAIN ROAD,S1,4,SCARBOROUGH MAIN ROAD,75.95063856
161,MAIN ROAD,S1,4,SCARBOROUGH MAIN ROAD,86.40911615
162,MAIN ROAD,S1,4,SCARBOROUGH MAIN ROAD,77.44381343
163,MAIN ROAD,S1,4,SCARBOROUGH MAIN ROAD,39.32867717
164,MAIN ROAD,S1,4,SCARBOROUGH MAIN ROAD,43.39315546
165,MAIN ROAD,S1,4,SCARBOROUGH MAIN ROAD,46.05462577
166,MAIN ROAD,S1,4,SCARBOROUGH MAIN ROAD,82.69099933
167,MAIN ROAD,S1,4,SCARBOROUGH MAIN ROAD,13.30938397
168,MAIN ROAD,S1,4,SCARBOROUGH MAIN ROAD,41.57042556
169,MAIN ROAD,S1,4,SCARBOROUGH MAIN ROAD,142.5441905
170,RED HILL ROAD,S1,4,SCARBOROUGH MAIN ROAD,102.0490111
171,PLATEAU ROAD,S1,4,SCARBOROUGH MAIN ROAD,105.161022
172,MAIN ROAD,S1,4,SCARBOROUGH MAIN ROAD,2260.962375
173,CHAPMANS PEAK DRIVE,S2,10,NOORDHOEK ROAD,1918.963058
174,STEENBERG ROAD,S1,12a,STEENBERG ROAD,145.6771857
175,STEENBERG ROAD,S1,12a,STEENBERG ROAD,197.4059828
176,STEENBERG ROAD,S1,12a,STEENBERG ROAD,1023.164404
177,KOMMETJIE ROAD,S1,5,SWEETWATER MAIN ROAD,173.0792115
178,KOMMETJIE ROAD,S1,5,SWEETWATER MAIN ROAD,124.2996171
179,KOMMETJIE ROAD,S1,5,SWEETWATER MAIN ROAD,352.704833
180,KOMMETJIE ROAD,S1,5,SWEETWATER MAIN ROAD,71.65006462
181,KOMMETJIE ROAD,S1,5,SWEETWATER MAIN ROAD,21.54289052
182,HUSKISSON ROAD,S1,5,SWEETWATER MAIN ROAD,79.5444013
183,HUSKISSON ROAD,S1,5,SWEETWATER MAIN ROAD,50.05182567
184,KOMMETJIE ROAD,S1,5,SWEETWATER MAIN ROAD,377.5553811
185,HUSKISSON ROAD,S1,5,SWEETWATER MAIN ROAD,78.06767691
186,KOMMETJIE ROAD,S1,5,SWEETWATER MAIN ROAD,870.158406
187,KOMMETJIE ROAD,S1,5,SWEETWATER MAIN ROAD,29.77644412
188,HUSKISSON ROAD,S1,5,SWEETWATER MAIN ROAD,78.78736985
189,SLANGKOP ROAD,S1,6,SLANGKOP ROAD,85.85687623
190,SLANGKOP ROAD,S1,6,SLANGKOP ROAD,83.45864468
191,SLANGKOP ROAD,S1,6,SLANGKOP ROAD,332.650906
192,SLANGKOP ROAD,S1,6,SLANGKOP ROAD,467.9813043
193,SLANGKOP ROAD,S1,6,SLANGKOP ROAD,1644.648131
194,MAIN ROAD,S1,5,SWEETWATER MAIN ROAD,3369.068259
195,MAIN ROAD,S1,4,SCARBOROUGH MAIN ROAD,3043.448598
196,MAIN ROAD,S1,4,SCARBOROUGH MAIN ROAD,191.5060699
197,MAIN ROAD,S1,4,SCARBOROUGH MAIN ROAD,124.2550248
198,MAIN ROAD,S1,4,SCARBOROUGH MAIN ROAD,2.8940803
199,MAIN ROAD,S1,4,SCARBOROUGH MAIN ROAD,48.61576922
200,MAIN ROAD,S1,4,SCARBOROUGH MAIN ROAD,10.39398378
201,MAIN ROAD,S1,4,SCARBOROUGH MAIN ROAD,1256.41351
202,MAIN ROAD,S2,13b,WATERLOO / WOLFE STREET,571.7077867
203,MAIN ROAD,S2,13b,WATERLOO / WOLFE STREET,81.0405854
204,WOLFE STREET,S2,13b,WATERLOO / WOLFE STREET,11.35103541
205,WOLFE STREET,S2,13b,WATERLOO / WOLFE STREET,577.3730568
206,MAIN ROAD,S2,13b,WATERLOO / WOLFE STREET,27.94302661
207,CONSTANTIA MAIN ROAD,S2,14,CONSTANTIA MAIN ROAD,7.652671201
208,EDINBURGH DRIVE M3,S1,13a,SIMON VAN DER STEL FREEWAY,182.3644186
209,EDINBURGH DRIVE M3,S1,13a,SIMON VAN DER STEL FREEWAY,211.1353085
210,SIMON VAN DER STEL FREEWAY M3,S1,13a,SIMON VAN DER STEL FREEWAY,470.1669478
211,SIMON VAN DER STEL FREEWAY M3,S1,13a,SIMON VAN DER STEL FREEWAY,514.4115862
212,SIMON VAN DER STEL FREEWAY M3,S1,13a,SIMON VAN DER STEL FREEWAY,1157.625615
213,SIMON VAN DER STEL FREEWAY M3,S1,13a,SIMON VAN DER STEL FREEWAY,1559.368754
214,SIMON VAN DER STEL FREEWAY M3,S1,13a,SIMON VAN DER STEL FREEWAY,393.1087787
215,CHAREL UYS DRIVE,S1,34b,CHAREL UYS DRIVE,941.5577061
216,CHAREL UYS DRIVE,S1,34b,CHAREL UYS DRIVE,794.7766178
217,CHAREL UYS DRIVE,S1,34b,CHAREL UYS DRIVE,925.8615655
218,CHAREL UYS DRIVE,S1,34b,CHAREL UYS DRIVE,637.1826401
219,CHAREL UYS DRIVE,S1,34b,CHAREL UYS DRIVE,668.8835607
220,CHAREL UYS DRIVE,S1,34b,CHAREL UYS DRIVE,614.4068271
221,CHAREL UYS DRIVE,S1,34b,CHAREL UYS DRIVE,505.0240942
222,CHAREL UYS DRIVE,S1,34b,CHAREL UYS DRIVE,256.2491009
223,CHAREL UYS DRIVE,S1,34b,CHAREL UYS DRIVE,529.691331
224,R304,S2,34a,R304 MAMRE ROAD,6606.737086
225,R304,S1,32,R304,4907.378295
226,M19,S2,34a,R304 MAMRE ROAD,8470.150075
227,M19,S1,35,MELKBOSSTRAND ROAD,5555.298978
228,M19,S2,34a,R304 MAMRE ROAD,3984.920555
229,M19,S2,34a,R304 MAMRE ROAD,665.5017116
230,WELLINGTON ROAD,S1,30b,R302 KLIPHEUWEL MAIN ROAD,5780.054295
231, ,S1,30b,R302 KLIPHEUWEL MAIN ROAD,767.5397809
232, ,S1,30b,R302 KLIPHEUWEL MAIN ROAD,190.8421682
233,WELLINGTON ROAD,S1,30b,R302 KLIPHEUWEL MAIN ROAD,369.7234771
234,CONTERMANSKLOOF,S1,28a,CONTERMANSKLOOF ROAD,2281.025547
235,OTTO DU PLESSIS DRIVE,S2,36b,OTTO DU PLESSIS DRIVE,725.838276
236,OTTO DU PLESSIS DRIVE,S2,36b,OTTO DU PLESSIS DRIVE,471.9244257
237,CONTERMANSKLOOF ROAD,S1,28a,CONTERMANSKLOOF ROAD,1443.630142
238,POSMANSDAM ROAD,S1,28a,CONTERMANSKLOOF ROAD,1217.484461
239,OTTO DU PLESSIS DRIVE,S2,36b,OTTO DU PLESSIS DRIVE,256.893368
240,ROAD,S1,30b,R302 KLIPHEUWEL MAIN ROAD,4334.764238
241,OTTO DU PLESSIS DRIVE,S2,36b,OTTO DU PLESSIS DRIVE,937.6513219
242,OTTO DU PLESSIS DRIVE,S2,36b,OTTO DU PLESSIS DRIVE,678.6146561
243,OTTO DU PLESSIS DRIVE,S2,36b,OTTO DU PLESSIS DRIVE,420.6295058
244,WELLINGTON ROAD,S2,30a,R302 WELLINGTON ROAD,1209.287302
245,VISSERSHOK ROAD,S1,28b,VISSERSHOK ROAD,6578.301741
246,CONTERMANSKLOOF,S1,28a,CONTERMANSKLOOF ROAD,2065.470678
247,WELLINGTON ROAD,S2,30a,R302 WELLINGTON ROAD,753.0611749
248,VISSERSHOK ROAD,S1,28b,VISSERSHOK ROAD,298.0008363
249,WELLINGTON ROAD,S2,30a,R302 WELLINGTON ROAD,102.2760276
250,MARINE DRIVE,S2,36b,OTTO DU PLESSIS DRIVE,548.2754694
251,ST JOHN'S ROAD,S1,28b,VISSERSHOK ROAD,128.1395162
252,WELLINGTON ROAD,S2,30a,R302 WELLINGTON ROAD,251.1274463
253, ,S2,30a,R302 WELLINGTON ROAD,176.1348302
254,ST JOHN'S ROAD,S1,28b,VISSERSHOK ROAD,145.644676
255,WELLINGTON ROAD,S2,30a,R302 WELLINGTON ROAD,121.9545166
256,VISSERSHOK ROAD,S1,28b,VISSERSHOK ROAD,67.38672059
257,WELLINGTON ROAD,S2,30a,R302 WELLINGTON ROAD,119.4598272
258,VISSERSHOEK ROAD,S2,28c,VISSERSHOK ROAD,127.6915102
259,ST JOHN'S ROAD,S2,28d,ST JOHN'S ROAD,68.19364337
260,VISSERSHOEK ROAD,S2,28c,VISSERSHOK ROAD,274.5836441
261,WELLINGTON ROAD,S2,30a,R302 WELLINGTON ROAD,151.9083409
262,VISSERSHOEK ROAD,S2,28c,VISSERSHOK ROAD,111.214313
263,MAIN STREET,S2,28c,VISSERSHOK ROAD,13.18780382
264,VISSERSHOEK ROAD,S2,28c,VISSERSHOK ROAD,211.4400718
265,MAIN STREET,S2,28c,VISSERSHOK ROAD,37.90935342
266,MAIN STREET,S2,28c,VISSERSHOK ROAD,7.673238684
267,MAIN STREET,S2,28c,VISSERSHOK ROAD,38.75132159
268,MARINE DRIVE,S2,36b,OTTO DU PLESSIS DRIVE,750.7037362
269,WELLINGTON STREET,S2,30a,R302 WELLINGTON ROAD,141.7916333
270,MAIN STREET,S2,28c,VISSERSHOK ROAD,117.1132651
271,ST JOHN'S ROAD,S2,28d,ST JOHN'S ROAD,311.7530413
272,WELLINGTON ROAD,S2,30a,R302 WELLINGTON ROAD,203.6662185
273,MAIN STREET,S2,28c,VISSERSHOK ROAD,183.6944563
274, ,S2,30a,R302 WELLINGTON ROAD,44.4139945
275,ST JOHNS STREET,S2,28d,ST JOHN'S ROAD,88.51050463
276, ,S2,29,DURBAN ROAD,114.372311
277,ST JOHNS STREET,S2,28d,ST JOHN'S ROAD,75.11878163
278,ST JOHNS STREET,S2,28d,ST JOHN'S ROAD,59.92878982
279,AURORA STREET,S2,28d,ST JOHN'S ROAD,13.72979712
280,MAIN ROAD,S2,29,DURBAN ROAD,117.3395917
281,DURBANVILLE AVENUE,S2,29,DURBAN ROAD,226.2479295
282,GRIEVE CRESCENT,S2,28d,ST JOHN'S ROAD,489.2556105
283,ST JOHNS ROAD,S2,28d,ST JOHN'S ROAD,305.2450739
284,ST JOHNS ROAD,S2,28d,ST JOHN'S ROAD,179.9474199
285,DURBANVILLE ROAD,S1,27b,TYGERBERG VALLEY ROAD,7530.254213
286,ST JOHNS ROAD,S2,28d,ST JOHN'S ROAD,88.4792667
287,RACE COURSE ROAD,S2,28d,ST JOHN'S ROAD,1047.829552
288,DURBANVILLE AVENUE,S2,29,DURBAN ROAD,1037.095387
289,DURBANVILLE AVENUE,S2,29,DURBAN ROAD,99.03396604
290,DURBANVILLE AVENUE,S2,29,DURBAN ROAD,115.7721466
291,DURBANVILLE AVENUE,S2,29,DURBAN ROAD,150.6039998
292,TYGERVALLEY ROAD,S2,27a,TYGERBERG VALLEY ROAD,1244.529197
293,DURBANVILLE AVENUE,S2,29,DURBAN ROAD,612.5488206
294,TYGERVALLEY ROAD,S2,27a,TYGERBERG VALLEY ROAD,658.6754681
295,DURBANVILLE AVENUE,S2,29,DURBAN ROAD,654.3170827
296,TYGERBERG VALLEY ROAD,S2,27a,TYGERBERG VALLEY ROAD,447.3486722
297,TYGERBERG VALLEY ROAD,S2,27a,TYGERBERG VALLEY ROAD,106.7820662
298,TYGERBERG VALLEY ROAD,S2,27a,TYGERBERG VALLEY ROAD,112.8128278
299,TYGERBERG VALLEY ROAD,S2,27a,TYGERBERG VALLEY ROAD,343.296757
300,DURBANVILLE AVENUE,S2,29,DURBAN ROAD,970.1141604
301,DURBANVILLE AVENUE,S2,29,DURBAN ROAD,20.11198034
302,DURBANVILLE AVENUE,S2,29,DURBAN ROAD,27.10641327
303,TYGERBERY VALLEY ROAD,S2,27a,TYGERBERG VALLEY ROAD,204.0829935
304,DURBANVILLE AVENUE,S2,29,DURBAN ROAD,168.5367505
305,WILLIE VAN SCHOOR AVENUE,S2,29,DURBAN ROAD,311.2093667
306,CARL CRONJE DRIVE,S2,27a,TYGERBERG VALLEY ROAD,649.939081
307,CARL CRONJE DRIVE,S2,27a,TYGERBERG VALLEY ROAD,14.25894714
308,DURBAN ROAD,S2,29,DURBAN ROAD,576.4714414
309,DURBANVILLE AVENUE,S2,29,DURBAN ROAD,66.80185225
310,WILLIE VAN SCHOOR AVENUE,S2,29,DURBAN ROAD,319.1762415
311,DURGANVILLE AVENUE,S2,29,DURBAN ROAD,252.8782319
312,DURBAN ROAD,S2,29,DURBAN ROAD,235.8474822
313,WILLIE VAN SCHOOR AVENUE,S2,29,DURBAN ROAD,300.0585693
314,DURBAN ROAD,S2,29,DURBAN ROAD,67.3671212
315,WILLIE VAN SCHOOR AVENUE,S2,29,DURBAN ROAD,199.8551813
316,DURBAN ROAD,S2,29,DURBAN ROAD,180.3361952
317,DURBAN ROAD,S2,29,DURBAN ROAD,200.9124971
318,WILLIE VAN SCHOOR AVENUE,S2,29,DURBAN ROAD,217.9011263
319,DURBAN ROAD,S2,29,DURBAN ROAD,80.0745956
320,WILLIE VAN SCHOOR,S2,29,DURBAN ROAD,89.83641769
321,BEACH ROAD,S2,17c,VICTORIA AND BEACH ROADS,251.1986701
322,BEACH ROAD,S2,17c,VICTORIA AND BEACH ROADS,252.0688441
323,BEACH ROAD,S2,17c,VICTORIA AND BEACH ROADS,243.6584153
324,BEACH ROAD,S2,17c,VICTORIA AND BEACH ROADS,73.21128596
325,BEACH ROAD,S2,17c,VICTORIA AND BEACH ROADS,250.8544782
326,BEACH ROAD,S2,17c,VICTORIA AND BEACH ROADS,217.4727761
327,BEACH ROAD,S2,17c,VICTORIA AND BEACH ROADS,31.26681335
328,BEACH ROAD,S2,17c,VICTORIA AND BEACH ROADS,38.27357547
329,WESTERN BOULEVARD,S2,17c,VICTORIA AND BEACH ROADS,18.23098446
330,BEACH ROAD,S2,17c,VICTORIA AND BEACH ROADS,137.680885
331,BEACH ROAD,S2,17c,VICTORIA AND BEACH ROADS,12.63676183
332,BEACH ROAD,S2,17c,VICTORIA AND BEACH ROADS,146.3308254
333,BEACH ROAD,S2,17c,VICTORIA AND BEACH ROADS,135.7249169
334,BEACH ROAD,S2,17c,VICTORIA AND BEACH ROADS,112.7313335
335,BEACH ROAD,S2,17c,VICTORIA AND BEACH ROADS,131.3054239
336,BEACH ROAD,S2,17c,VICTORIA AND BEACH ROADS,47.78623067
337,BEACH ROAD,S2,17c,VICTORIA AND BEACH ROADS,77.13126608
338,BEACH ROAD,S2,17c,VICTORIA AND BEACH ROADS,117.5909957
339,BEACH ROAD,S2,17c,VICTORIA AND BEACH ROADS,118.7140357
340,BEACH ROAD,S2,17c,VICTORIA AND BEACH ROADS,115.3166277
341,BEACH ROAD,S2,17c,VICTORIA AND BEACH ROADS,114.450005
342,BEACH ROAD,S2,17c,VICTORIA AND BEACH ROADS,114.6756415
343,BEACH ROAD,S2,17c,VICTORIA AND BEACH ROADS,113.0538595
344,BEACH ROAD,S2,17c,VICTORIA AND BEACH ROADS,124.3885641
345,BEACH ROAD,S2,17c,VICTORIA AND BEACH ROADS,121.3919651
346,BEACH ROAD,S2,17c,VICTORIA AND BEACH ROADS,128.0585712
347,BUITENGRACHT STREET,S2,24b,BUITENGRACHT STREET,12.37332872
348,BEACH ROAD,S2,17c,VICTORIA AND BEACH ROADS,120.5970293
349,BEACH ROAD,S2,17c,VICTORIA AND BEACH ROADS,12.98606443
350,BEACH ROAD,S2,17c,VICTORIA AND BEACH ROADS,53.69492761
351,BUITENGRACHT STREET,S2,24b,BUITENGRACHT STREET,64.28300757
352,BEACH ROAD,S2,17c,VICTORIA AND BEACH ROADS,48.85295596
353,BUITENGRACHT STREET,S2,24b,BUITENGRACHT STREET,75.76094639
354,BEACH ROAD,S2,17c,VICTORIA AND BEACH ROADS,257.9641497
355,BUITENGRACHT STREET,S2,24b,BUITENGRACHT STREET,76.04506288
356,BUITENGRACHT STREET,S2,24b,BUITENGRACHT STREET,57.84641196
357,BUITENGRACHT STREET,S2,24b,BUITENGRACHT STREET,75.20498037
358,BEACH ROAD,S2,17c,VICTORIA AND BEACH ROADS,259.3725815
359,BUITENGRACHT STREET,S2,24b,BUITENGRACHT STREET,33.12102429
360,BEACH ROAD,S2,17c,VICTORIA AND BEACH ROADS,27.00445611
361,BEACH ROAD,S2,17c,VICTORIA AND BEACH ROADS,24.70557751
362,BUITENGRACHT STREET,S2,24b,BUITENGRACHT STREET,49.29894939
363,QUEENS ROAD,S2,17c,VICTORIA AND BEACH ROADS,33.38387465
364,QUEENS ROAD,S2,17c,VICTORIA AND BEACH ROADS,104.7856639
365,QUEENS ROAD,S2,17c,VICTORIA AND BEACH ROADS,14.35796534
366,BUITENGRACHT STREET,S2,24b,BUITENGRACHT STREET,155.0159783
367,QUEENS ROAD,S2,17c,VICTORIA AND BEACH ROADS,29.64046637
368,QUEENS ROAD,S2,17c,VICTORIA AND BEACH ROADS,67.18019885
369,QUEENS ROAD,S2,17c,VICTORIA AND BEACH ROADS,6.438312849
370,BUITENGRACHT STREET,S2,24b,BUITENGRACHT STREET,164.9144143
371,VICTORIA ROAD,S2,17c,VICTORIA AND BEACH ROADS,92.1552222
372,VICTORIA ROAD,S2,17c,VICTORIA AND BEACH ROADS,60.56224783
373,VICTORIA ROAD,S2,17c,VICTORIA AND BEACH ROADS,48.52422577
374,VICTORIA ROAD,S2,17c,VICTORIA AND BEACH ROADS,45.18659377
375,VICTORIA ROAD,S2,17c,VICTORIA AND BEACH ROADS,40.94510101
376,BUITENGRACHT STREET,S2,24b,BUITENGRACHT STREET,247.039725
377,UPPER BUITENGRAGHT STREET,S2,24b,BUITENGRACHT STREET,162.0778476
378,VICTORIA ROAD,S2,17c,VICTORIA AND BEACH ROADS,339.1495222
379,KLOOF NEK ROAD,S2,24a,KLOOF NEK ROAD,60.19831159
380,KLOOF NEK ROAD,S2,24a,KLOOF NEK ROAD,25.33731009
381,KLOOF NEK ROAD,S2,24a,KLOOF NEK ROAD,35.32478346
382,KLOOF NEK ROAD,S2,24a,KLOOF NEK ROAD,45.81336074
383,KLOOF NEK ROAD,S2,24a,KLOOF NEK ROAD,18.55164118
384,KLOOF NEK ROAD,S2,24a,KLOOF NEK ROAD,47.72993417
385,KLOOF NEK ROAD,S2,24a,KLOOF NEK ROAD,37.8828211
386,KLOOF NEK ROAD,S2,24a,KLOOF NEK ROAD,57.75422419
387,KLOOF NEK ROAD,S2,24a,KLOOF NEK ROAD,67.41807553
388,KLOOF NEK ROAD,S2,24a,KLOOF NEK ROAD,8.847526653
389,KLOOF NEK ROAD,S2,24a,KLOOF NEK ROAD,35.90815118
390,KLOOF NEK ROAD,S2,24a,KLOOF NEK ROAD,61.40929851
391,KLOOF NEK ROAD,S2,24a,KLOOF NEK ROAD,80.53809182
392,DE WAAL DRIVE M3,S1,22a,DE WAAL DRIVE,53.46041086
393,DE WAAL DRIVE,S1,22a,DE WAAL DRIVE,12.46225786
394,KLOOF NEK ROAD,S2,24a,KLOOF NEK ROAD,69.92926006
395,KLOOF NEK ROAD,S2,24a,KLOOF NEK ROAD,23.42781345
396,KLOOF NEK ROAD,S2,24a,KLOOF NEK ROAD,57.74550871
397,DE WAAL DRIVE M3,S1,22a,DE WAAL DRIVE,449.6102286
398,KLOOF NEK ROAD,S2,24a,KLOOF NEK ROAD,95.45941896
399,KLOOF NEK ROAD,S2,24a,KLOOF NEK ROAD,92.12565951
400,DE WAAL DRIVE M3,S1,22a,DE WAAL DRIVE,348.4500838
401,KLOOF NEK ROAD,S2,24a,KLOOF NEK ROAD,382.0046161
402,DE WAAL DRIVE M3,S1,22a,DE WAAL DRIVE,7.833759116
403,DE WAAL DRIVE M3,S1,22a,DE WAAL DRIVE,1244.096722
404,KLOOF NEK ROAD,S2,24a,KLOOF NEK ROAD,224.9393992
405,VICTORIA ROAD,S2,17c,VICTORIA AND BEACH ROADS,1910.514683
406,KLOOF NEK ROAD,S2,24a,KLOOF NEK ROAD,416.6390445
407,KLOOF ROAD,S1,23c,KLOOF ROAD,31.99835473
408,DE WAAL DRIVE M3,S1,22a,DE WAAL DRIVE,1240.13543
409,ROUND HOUSE ROAD,S1,23c,KLOOF ROAD,208.1008338
410,KLOOF ROAD,S1,23c,KLOOF ROAD,514.3564289
411,KLOOF ROAD,S1,23c,KLOOF ROAD,24.28619549
412,KLOOF ROAD,S1,23c,KLOOF ROAD,108.2282138
413,KLOOF ROAD,S1,23c,KLOOF ROAD,78.91851773
414,KLOOF ROAD,S1,23c,KLOOF ROAD,397.5351276
415,KLOOF ROAD,S1,23c,KLOOF ROAD,264.1440451
416,KLOOF ROAD,S1,23c,KLOOF ROAD,355.1240747
417,KLOOF ROAD,S1,23c,KLOOF ROAD,201.1712177
418,VICTORIA ROAD,S2,17c,VICTORIA AND BEACH ROADS,539.9714721
419,VICTORIA ROAD,S2,17c,VICTORIA AND BEACH ROADS,39.22962461
420,VICTORIA ROAD,S2,17c,VICTORIA AND BEACH ROADS,77.37888027
421,VICTORIA ROAD,S2,17c,VICTORIA AND BEACH ROADS,8.066143877
422,CAMPS BAY DRIVE,S1,18b,CAMPS BAY DRIVE,721.2683237
423,VICTORIA ROAD,S2,17c,VICTORIA AND BEACH ROADS,298.1827505
424,CAMPS BAY DRIVE,S1,18b,CAMPS BAY DRIVE,283.6251689
425,CAMPS BAY DRIVE,S1,18b,CAMPS BAY DRIVE,37.18124841
426,VICTORIA ROAD,S2,17c,VICTORIA AND BEACH ROADS,75.25238258
427,VICTORIA ROAD,S2,17c,VICTORIA AND BEACH ROADS,76.58887428
428,VICTORIA ROAD,S2,17c,VICTORIA AND BEACH ROADS,74.46127086
429,CAMPS BAY DRIVE,S1,18b,CAMPS BAY DRIVE,419.5836486
430,VICTORIA ROAD,S2,17c,VICTORIA AND BEACH ROADS,203.710634
431,VICTORIA ROAD,S2,17c,VICTORIA AND BEACH ROADS,68.62328705
432,VICTORIA ROAD,S2,17c,VICTORIA AND BEACH ROADS,45.90488186
433,CAMPS BAY DRIVE,S2,18a,CAMPS BAY DRIVE,55.24339552
434,VICTORIA ROAD,S2,17c,VICTORIA AND BEACH ROADS,81.39890563
435,CAMPS BAY DRIVE,S2,18a,CAMPS BAY DRIVE,64.81032667
436,CAMPS BAY DRIVE,S2,18a,CAMPS BAY DRIVE,48.10324424
437,VICTORIA ROAD,S2,17c,VICTORIA AND BEACH ROADS,205.0557819
438,CAMPS BAY DRIVE,S2,18a,CAMPS BAY DRIVE,174.817217
439,CAMPS BAY DRIVE,S2,18a,CAMPS BAY DRIVE,24.99408862
440,CAMPS BAY DRIVE,S1,18b,CAMPS BAY DRIVE,483.6385894
441,CAMPS BAY DRIVE,S2,18a,CAMPS BAY DRIVE,44.0337562
442,CAMPS BAY DRIVE,S1,18b,CAMPS BAY DRIVE,51.94538943
443,CAMPS BAY DRIVE,S2,18a,CAMPS BAY DRIVE,225.5696834
444,CAMPS BAY DRIVE,S2,18a,CAMPS BAY DRIVE,192.9530885
445,CAMPS BAY DRIVE,S2,18a,CAMPS BAY DRIVE,54.66460468
446,CAMPS BAY DRIVE,S2,18a,CAMPS BAY DRIVE,54.51774669
447,CAMPS BAY DRIVE,S2,18a,CAMPS BAY DRIVE,151.6795999
448,VICTORIA ROAD,S2,17c,VICTORIA AND BEACH ROADS,691.1997526
449,VICTORIA ROAD,S2,17c,VICTORIA AND BEACH ROADS,75.52749105
450,CAMPS BAY DRIVE,S2,18a,CAMPS BAY DRIVE,246.6110454
451,CAMPS BAY DRIVE,S2,18a,CAMPS BAY DRIVE,580.1758399
452,CAMPS BAY DRIVE,S2,18a,CAMPS BAY DRIVE,36.74081139
453,CAMPS BAY DRIVE,S2,18a,CAMPS BAY DRIVE,30.83989185
454,CAMPS BAY DRIVE,S2,18a,CAMPS BAY DRIVE,128.1244956
455,VICTORIA ROAD,S2,17c,VICTORIA AND BEACH ROADS,207.2541303
456,RHODES AVENUE,S2,19,RHODES AVENUE,56.30604431
457,RHODES AVENUE,S2,19,RHODES AVENUE,65.88429462
458,RHODES AVENUE,S2,19,RHODES AVENUE,78.89111093
459,RHODES AVENUE,S2,19,RHODES AVENUE,84.32718134
460,RHODES AVENUE,S2,19,RHODES AVENUE,74.28022147
461,RHODES AVENUE,S2,19,RHODES AVENUE,78.52191229
462,RHODES AVENUE,S2,19,RHODES AVENUE,83.96572419
463,RHODES AVENUE,S2,19,RHODES AVENUE,76.70114713
464,RHODES AVENUE,S2,19,RHODES AVENUE,252.427305
465,RHODES AVENUE,S2,19,RHODES AVENUE,153.5604083
466,RHODES DRIVE,S2,19,RHODES AVENUE,73.45958687
467,RHODES DRIVE,S2,19,RHODES AVENUE,14.4994142
468,RHODES DRIVE,S2,19,RHODES AVENUE,75.23488272
469,RHODES DRIVE,S2,19,RHODES AVENUE,17.89601915
470,RHODES DRIVE,S2,19,RHODES AVENUE,60.48831455
471,RHODES DRIVE,S2,19,RHODES AVENUE,75.88032055
472,RHODES DRIVE,S2,19,RHODES AVENUE,15.55436783
473,RHODES DRIVE,S2,19,RHODES AVENUE,845.9919298
474,RHODES DRIVE,S2,19,RHODES AVENUE,189.9937355
475,RHODES DRIVE,S2,19,RHODES AVENUE,63.37642879
476,RHODES DRIVE,S2,19,RHODES AVENUE,32.69614969
477,RHODES DRIVE,S2,19,RHODES AVENUE,82.63673268
478,RHODES DRIVE,S2,19,RHODES AVENUE,663.317727
479,RHODES DRIVE,S2,19,RHODES AVENUE,3821.008862
480,HOUT BAY ROAD,S2,19,RHODES AVENUE,13.54360168
481,HOUT BAY ROAD,S2,19,RHODES AVENUE,56.10365883
482,HOUT BAY ROAD,S2,14,CONSTANTIA MAIN ROAD,56.4429294
483,HOUT BAY ROAD,S2,14,CONSTANTIA MAIN ROAD,15.462265
484,HOUT BAY ROAD,S2,15,HOUT BAY ROAD,1662.601127
485,HOUT BAY ROAD,S2,15,HOUT BAY ROAD,76.01870148
486,HOUT BAY ROAD,S2,15,HOUT BAY ROAD,76.25521952
487,CONSTANTIA MAIN ROAD,S2,14,CONSTANTIA MAIN ROAD,20.68415604
488,CONSTANTIA MAIN ROAD,S2,14,CONSTANTIA MAIN ROAD,154.0591481
489,CONSTANTIA MAIN ROAD,S2,14,CONSTANTIA MAIN ROAD,79.10810689
490,CONSTANTIA MAIN ROAD,S2,14,CONSTANTIA MAIN ROAD,10.23502209
491,HOUT BAY ROAD,S2,15,HOUT BAY ROAD,306.2587477
492,HOUT BAY ROAD,S2,15,HOUT BAY ROAD,123.8831281
493,HOUT BAY ROAD,S2,15,HOUT BAY ROAD,220.63894
494,CONSTANTIA MAIN ROAD,S2,14,CONSTANTIA MAIN ROAD,266.8272171
495,HOUT BAY ROAD,S2,15,HOUT BAY ROAD,175.3874332
496,HOUT BAY ROAD,S2,15,HOUT BAY ROAD,132.4533175
497,HOUT BAY ROAD,S2,15,HOUT BAY ROAD,131.1608331
498,HOUT BAY ROAD,S2,15,HOUT BAY ROAD,233.9604395
499,CONSTANTIA MAIN ROAD,S2,14,CONSTANTIA MAIN ROAD,451.1415147
500,CONSTANTIA MAIN ROAD,S2,14,CONSTANTIA MAIN ROAD,31.64656864
501,HOUT BAY ROAD,S2,15,HOUT BAY ROAD,264.8234012
502,VICTORIA ROAD,S1,17b,VICTORIA ROAD,654.6806641
503,CONSTANTIA MAIN ROAD,S2,14,CONSTANTIA MAIN ROAD,206.089097
504,HOUT BAY ROAD,S2,15,HOUT BAY ROAD,199.3903764
505,CONSTANTIA MAIN ROAD,S2,14,CONSTANTIA MAIN ROAD,2292.610421
506,CONSTANTIA MAIN ROAD,S2,14,CONSTANTIA MAIN ROAD,23.34910269
507,MAIN ROAD,S2,15,HOUT BAY ROAD,138.3880665
508,CONSTANTIA MAIN ROAD,S2,14,CONSTANTIA MAIN ROAD,537.2115784
509,CONSTANTIA MAIN ROAD,S2,14,CONSTANTIA MAIN ROAD,391.7604899
510,HOUT BAY ROAD,S2,15,HOUT BAY ROAD,255.3887775
511,HOUT BAY ROAD,S2,15,HOUT BAY ROAD,28.53811175
512,CONSTANTIA MAIN ROAD,S2,14,CONSTANTIA MAIN ROAD,281.200307
513,HOUT BAY ROAD,S2,15,HOUT BAY ROAD,304.5665148
514,VICTORIA ROAD,S1,17b,VICTORIA ROAD,324.5852901
515,CONSTANTIA MAIN ROAD,S2,14,CONSTANTIA MAIN ROAD,295.1111429
516,CONSTANTIA MAIN ROAD,S2,14,CONSTANTIA MAIN ROAD,43.77534823
517,HOUT BAY ROAD,S2,15,HOUT BAY ROAD,202.3340029
518,HOUT BAY ROAD,S2,15,HOUT BAY ROAD,15.58225986
519,CONSTANTIA MAIN ROAD,S2,14,CONSTANTIA MAIN ROAD,450.7683259
520,HOUT BAY ROAD,S2,15,HOUT BAY ROAD,58.34249996
521,CONSTANTIA MAIN ROAD,S2,14,CONSTANTIA MAIN ROAD,198.3469283
522,CONSTANTIA MAIN ROAD,S2,14,CONSTANTIA MAIN ROAD,322.6278154
523,HOUT BAY ROAD,S2,15,HOUT BAY ROAD,531.4870941
524,VICTORIA ROAD,S1,17b,VICTORIA ROAD,599.2021381
525,VICTORIA ROAD,S1,17b,VICTORIA ROAD,83.92808626
526,SPAANSCHEMAT RIVER ROAD,S2,12b,SPAANSCHEMAT RIVER ROAD,46.73248136
527,VICTORIA ROAD,S1,17b,VICTORIA ROAD,99.93786926
528,HOUT BAY ROAD,S2,15,HOUT BAY ROAD,285.5738481
529,VICTORIA ROAD,S2,16a,VICTORIA ROAD,54.18817195
530,SPAANSCHEMAT RIVER ROAD,S2,12b,SPAANSCHEMAT RIVER ROAD,209.1234776
531,VICTORIA ROAD,S1,17b,VICTORIA ROAD,146.5231281
532,VICTORIA ROAD,S2,16a,VICTORIA ROAD,73.97936241
533,VICTORIA ROAD,S2,16a,VICTORIA ROAD,54.77478651
534,VICTORIA AVENUE,S2,17a,VICTORIA AVENUE,52.63050907
535,SPAANSCHEMAT RIVER ROAD,S2,12b,SPAANSCHEMAT RIVER ROAD,237.2549024
536,VICTORIA ROAD,S2,16a,VICTORIA ROAD,96.96010449
537,VICTORIA AVENUE,S2,17a,VICTORIA AVENUE,24.58138187
538,MAIN ROAD,S2,15,HOUT BAY ROAD,61.73959657
539,VICTORIA ROAD,S2,16a,VICTORIA ROAD,52.964538
540,VICTORIA ROAD,S2,16a,VICTORIA ROAD,289.0217144
541,VICTORIA ROAD,S2,16a,VICTORIA ROAD,141.4163271
542,VICTORIA ROAD,S2,16a,VICTORIA ROAD,168.9928386
543,SPAANSCHMAT RIVER ROAD,S2,12b,SPAANSCHEMAT RIVER ROAD,102.2604505
544,SPAANSCHEMAT RIVER ROAD,S2,12b,SPAANSCHEMAT RIVER ROAD,227.051257
545,VICTORIA AVENUE,S2,17a,VICTORIA AVENUE,315.5107556
546,MAIN ROAD,S2,15,HOUT BAY ROAD,361.900925
547,VICTORIA AVENUE,S2,17a,VICTORIA AVENUE,55.64435034
548,SPAANSCHEMAT RIVIER ROAD,S2,12b,SPAANSCHEMAT RIVER ROAD,239.6814442
549,VICTORIA AVENUE,S2,17a,VICTORIA AVENUE,76.11474187
550,VICTORIA AVENUE,S2,17a,VICTORIA AVENUE,73.94564312
551,MAIN ROAD,S2,15,HOUT BAY ROAD,168.2196666
552,VICTORIA AVENUE,S2,17a,VICTORIA AVENUE,80.68158496
553,VICTORIA AVENUE,S2,17a,VICTORIA AVENUE,80.30815681
554,MAIN ROAD,S2,15,HOUT BAY ROAD,134.9219388
555,VICTORIA AVENUE,S2,17a,VICTORIA AVENUE,76.54841496
556,SPAANSCHEMAT RIVIER ROAD,S2,12b,SPAANSCHEMAT RIVER ROAD,398.8409281
557,VICTORIA AVENUE,S2,17a,VICTORIA AVENUE,77.85652843
558,SPAANSCHEMAT RIVER ROAD,S2,12b,SPAANSCHEMAT RIVER ROAD,70.56349497
559,VICTORIA AVENUE,S2,17a,VICTORIA AVENUE,75.64746121
560,BADEN POWELL DRIVE,S1,25b,BADEN POWELL DRIVE,2005.370088
561,VICTORIA AVENUE,S2,17a,VICTORIA AVENUE,77.26656998
562,MAIN ROAD,S2,15,HOUT BAY ROAD,336.6389933
563,MAIN ROAD,S2,15,HOUT BAY ROAD,51.43606994
564,VICTORIA AVENUE,S2,17a,VICTORIA AVENUE,71.6338982
565,SPAANSCHEMAT RIVER ROAD,S2,12b,SPAANSCHEMAT RIVER ROAD,272.5734847
566,MAIN ROAD,S2,15,HOUT BAY ROAD,75.46890044
567,MAIN ROAD,S2,15,HOUT BAY ROAD,71.54252004
568,VICTORIA AVENUE,S2,17a,VICTORIA AVENUE,152.9643885
569,MAIN ROAD,S2,15,HOUT BAY ROAD,46.95954736
570,MAIN ROAD,S2,15,HOUT BAY ROAD,63.39073986
571,PRINCESS STREET,S2,16b,PRINCESS STREET,59.95640923
572,MAIN ROAD,S2,15,HOUT BAY ROAD,59.53420507
573,PRINCESS STREET,S2,16b,PRINCESS STREET,66.97894388
574,VICTORIA AVENUE,S2,17a,VICTORIA AVENUE,154.8648324
575,SPAANSCHEMAT RIVER ROAD,S2,12b,SPAANSCHEMAT RIVER ROAD,340.6484913
576,MAIN ROAD,S1,11,CHAPMAN'S PEAK DRIVE,196.2346717
577,VICTORIA AVENUE,S2,17a,VICTORIA AVENUE,191.9246502
578,PRINCESS STREET,S2,17a,VICTORIA AVENUE,7.910335144
579,PRINCESS STREET,S2,16b,PRINCESS STREET,675.5815781
580,SPAANSCHEMAT RIVER ROAD,S2,12b,SPAANSCHEMAT RIVER ROAD,197.4977752
581,MAIN ROAD,S1,11,CHAPMAN'S PEAK DRIVE,18.47734089
582,PRINCESS STREET,S2,16b,PRINCESS STREET,86.66024789
583,PRINCESS STREET,S2,16b,PRINCESS STREET,71.18437716
584,MAIN ROAD,S1,11,CHAPMAN'S PEAK DRIVE,183.0863911
585,MAIN ROAD,S1,11,CHAPMAN'S PEAK DRIVE,16.59700326
586,R44,S1,38a,R44 / BEACH ROAD,557.6753586
587,MAIN ROAD,S1,11,CHAPMAN'S PEAK DRIVE,116.7623327
588,MAIN ROAD,S1,11,CHAPMAN'S PEAK DRIVE,68.87680927
589,SPAANSCEMAT RIVER ROAD,S2,12b,SPAANSCHEMAT RIVER ROAD,444.1138366
590,BADEN POWELL DRIVE,S1,25b,BADEN POWELL DRIVE,1090.696515
591,CHAPMANS PEAK DRIVE,S1,11,CHAPMAN'S PEAK DRIVE,213.111996
592,CHAPMANS PEAK DRIVE,S1,11,CHAPMAN'S PEAK DRIVE,48.97927091
593,R44,S1,38a,R44 / BEACH ROAD,346.0873466
594,BADEN POWELL DRIVE,S1,25b,BADEN POWELL DRIVE,268.3658914
595,SPAANSCEMAT RIVER ROAD,S2,12b,SPAANSCHEMAT RIVER ROAD,403.9977454
596,BADEN POWELL DRIVE,S1,25b,BADEN POWELL DRIVE,113.0258593
597,BADEN POWELL DRIVE,S1,25b,BADEN POWELL DRIVE,55.7120944
598,R44,S1,38a,R44 / BEACH ROAD,321.1560288
599,BADEN POWELL DRIVE,S1,25b,BADEN POWELL DRIVE,773.9767592
600,R44,S1,38a,R44 / BEACH ROAD,579.4028577
601,ORPEN ROAD,S2,12b,SPAANSCHEMAT RIVER ROAD,1284.049726
602,ORPEN ROAD,S2,12b,SPAANSCHEMAT RIVER ROAD,22.00236895
603,R44 HIGHWAY,S1,38a,R44 / BEACH ROAD,422.7562338
604,ORPEN ROAD,S2,12b,SPAANSCHEMAT RIVER ROAD,276.1362993
605,ORPEN ROAD,S2,12b,SPAANSCHEMAT RIVER ROAD,50.56569041
606,ORPEN ROAD,S2,12b,SPAANSCHEMAT RIVER ROAD,49.08779275
607,ORPEN ROAD,S2,12b,SPAANSCHEMAT RIVER ROAD,20.71789779
608,TOKAI ROAD,S2,12b,SPAANSCHEMAT RIVER ROAD,9.148774252
609,TOKAI ROAD,S2,12b,SPAANSCHEMAT RIVER ROAD,12.56208644
610,STEENBERG ROAD,S2,12b,SPAANSCHEMAT RIVER ROAD,13.32241928
611,STEENBERG ROAD,S2,12b,SPAANSCHEMAT RIVER ROAD,33.08862131
612,STEENBERG ROAD,S2,12b,SPAANSCHEMAT RIVER ROAD,34.37844502
613,BADEN POWELL DRIVE,S1,25b,BADEN POWELL DRIVE,1290.714046
614,STEENBERG ROAD,S2,12b,SPAANSCHEMAT RIVER ROAD,522.1978315
615,BADEN POWELL DRIVE,S1,25b,BADEN POWELL DRIVE,593.272964
616,R44 HIGHWAY,S1,38a,R44 / BEACH ROAD,882.0444556
617,UNNAMED ROAD,S1,25b,BADEN POWELL DRIVE,192.2676341
618,CHAPMANS PEAK DRIVE,S1,11,CHAPMAN'S PEAK DRIVE,3038.590876
619,BADEN POWELL DRIVE,S1,25b,BADEN POWELL DRIVE,20.23650202
620,BADEN POWELL DRIVE,S1,25b,BADEN POWELL DRIVE,63.38261938
621,BADEN POWELL,S1,25b,BADEN POWELL DRIVE,923.0519656
622,BADEN POWELL DRIVE,S1,25b,BADEN POWELL DRIVE,509.2450576
623,BADEN POWELL,S1,25b,BADEN POWELL DRIVE,650.9604978
624,BADEN POWELL DRIVE,S1,25b,BADEN POWELL DRIVE,132.9703452
625,BADEN POWELL DRIVE,S1,25b,BADEN POWELL DRIVE,494.1095659
626,BADEN POWELL DRIVE,S1,25b,BADEN POWELL DRIVE,111.7072685
627,BADEN POWELL DRIVE,S1,25b,BADEN POWELL DRIVE,582.147409
628,BADEN POWELL DRIVE,S1,25b,BADEN POWELL DRIVE,476.8054196
629,QAMBA CRESCENT,S1,25b,BADEN POWELL DRIVE,401.3983262
630,UNNAMED ROAD,S1,25b,BADEN POWELL DRIVE,288.0541831
631,BADEN POWELL DRIVE,S1,25b,BADEN POWELL DRIVE,664.9176932
632,UNNAMED ROAD,S1,25b,BADEN POWELL DRIVE,640.0447479
633,BADEN POWELL DRIVE,S1,25b,BADEN POWELL DRIVE,708.7780642
634,BADEN POWELL DRIVE,S1,25b,BADEN POWELL DRIVE,472.569128
635,BADEN POWELL DRIVE,S1,25b,BADEN POWELL DRIVE,709.8347643
636,BADEN POWELL DRIVE,S1,25b,BADEN POWELL DRIVE,904.2867047
637,R44,S1,38a,R44 / BEACH ROAD,636.4359647
638,R44,S1,38a,R44 / BEACH ROAD,26.38960378
639,R44,S1,38a,R44 / BEACH ROAD,54.98814509
640,BADEN POWELL DRIVE,S1,25b,BADEN POWELL DRIVE,1124.040569
641,BADEN POWELL DRIVE,S1,25b,BADEN POWELL DRIVE,275.9802582
642,BADEN POWELL DRIVE,S1,25b,BADEN POWELL DRIVE,725.4939842
643,R44,S1,38a,R44 / BEACH ROAD,147.3307341
644,N2,S1,38a,R44 / BEACH ROAD,71.01182464
645,N2,S1,38a,R44 / BEACH ROAD,27.58241983
646,N2,S1,38a,R44 / BEACH ROAD,74.25449857
647,STEENBERG ROAD,S2,12b,SPAANSCHEMAT RIVER ROAD,1216.497353
648,BADEN POWELL DRIVE,S1,25b,BADEN POWELL DRIVE,1525.945208
649,STEENBERG ROAD,S2,12b,SPAANSCHEMAT RIVER ROAD,379.8581291
650,STEENBERG ROAD,S2,12b,SPAANSCHEMAT RIVER ROAD,132.1000537
651,BADEN POWELL DRIVE,S1,25b,BADEN POWELL DRIVE,1198.028984
652,BADEN POWELL DRIVE,S1,25b,BADEN POWELL DRIVE,532.3944055
653,R44,S1,38a,R44 / BEACH ROAD,1415.884077
654,BROADWAY,S1,38a,R44 / BEACH ROAD,241.1898124
655,COAST ROAD,S2,38b,R44 / BEACH ROAD,73.42129049
656,BADEN POWELL DRIVE,S2,25a,BADEN POWELL DRIVE,5.516440376
657,BADEN POWELL DRIVE,S2,25a,BADEN POWELL DRIVE,5.896708063
658,BADEN POWELL DRIVE,S2,25a,BADEN POWELL DRIVE,11.36973535
659,BADEN POWELL DRIVE,S2,25a,BADEN POWELL DRIVE,3.240041195
660,BADEN POWELL DRIVE,S2,25a,BADEN POWELL DRIVE,3.272171213
661,BADEN POWELL DRIVE,S2,25a,BADEN POWELL DRIVE,45.00097684
662,BADEN POWELL DRIVE,S1,25b,BADEN POWELL DRIVE,6398.22392
663,BADEN POWELL DRIVE,S1,25b,BADEN POWELL DRIVE,36.29992279
664,COAST ROAD,S2,38b,R44 / BEACH ROAD,72.44507528
665,ROYAL ROAD,S2,25a,BADEN POWELL DRIVE,14.61142091
666,BADEN POWELL DRIVE,S1,25b,BADEN POWELL DRIVE,38.27661801
667,BADEN POWELL DRIVE,S2,25a,BADEN POWELL DRIVE,37.02678848
668,ROYAL ROAD,S2,25a,BADEN POWELL DRIVE,50.02268722
669,ROYAL ROAD,S2,25a,BADEN POWELL DRIVE,48.07364574
670,ROYAL ROAD,S2,25a,BADEN POWELL DRIVE,50.62722397
671,ROYAL ROAD,S2,25a,BADEN POWELL DRIVE,75.51737428
672,COAST ROAD,S2,38b,R44 / BEACH ROAD,77.99675303
673,ROYAL ROAD,S2,25a,BADEN POWELL DRIVE,174.0976974
674,ROYAL ROAD,S2,25a,BADEN POWELL DRIVE,125.1728293
675,COAST ROAD,S2,38b,R44 / BEACH ROAD,111.38968
676,ROYAL ROAD,S2,25a,BADEN POWELL DRIVE,95.93459842
677,ROYAL ROAD,S2,25a,BADEN POWELL DRIVE,64.08312732
678,COAST ROAD,S2,38b,R44 / BEACH ROAD,110.625904
679,ROYAL ROAD,S2,25a,BADEN POWELL DRIVE,48.91138789
680,BEACH ROAD,S2,25a,BADEN POWELL DRIVE,37.54704662
681,COAST ROAD,S2,38b,R44 / BEACH ROAD,88.67409936
682,BEACH ROAD,S2,25a,BADEN POWELL DRIVE,95.91483028
683,BEACH ROAD,S2,25a,BADEN POWELL DRIVE,74.87938497
684,BEACH ROAD,S2,25a,BADEN POWELL DRIVE,70.71050253
685,COAST ROAD,S2,38b,R44 / BEACH ROAD,109.6416364
686,BEACH ROAD,S2,25a,BADEN POWELL DRIVE,126.7556237
687,COAST ROAD,S2,38b,R44 / BEACH ROAD,63.92024351
688,ATLANTIC ROAD,S2,25a,BADEN POWELL DRIVE,34.59937305
689,BEACH ROAD,S2,25a,BADEN POWELL DRIVE,9.852531603
690,BEACH ROAD,S2,25a,BADEN POWELL DRIVE,11.333096
691,BEACH ROAD,S2,25a,BADEN POWELL DRIVE,29.93759508
692,ATLANTIC ROAD,S2,25a,BADEN POWELL DRIVE,260.3478665
693,COAST ROAD,S2,38b,R44 / BEACH ROAD,80.78854424
694,COAST ROAD,S2,38b,R44 / BEACH ROAD,201.0089894
695,COAST ROAD,S2,38b,R44 / BEACH ROAD,235.9678206
696,COAST ROAD,S2,38b,R44 / BEACH ROAD,238.3489114
697,COAST ROAD,S2,38b,R44 / BEACH ROAD,120.9171791
698,BEACH ROAD,S2,38b,R44 / BEACH ROAD,229.6200519
699,BEACH ROAD,S2,38b,R44 / BEACH ROAD,93.72760228
700,SIR LOWRYS PASS ROAD,S2,40,SIR LOWRYS PASS ROAD,673.3845924
701,SIR LOWRYS PASS ROAD,S2,40,SIR LOWRYS PASS ROAD,15.10875344
702,SIR LOWRYS PASS ROAD,S2,40,SIR LOWRYS PASS ROAD,199.8108369
703,SIR LOWRYS PASS ROAD,S2,40,SIR LOWRYS PASS ROAD,230.9550589
704,SIR LOWRYS PASS ROAD,S2,40,SIR LOWRYS PASS ROAD,239.0400991
705,SIR LOWRYS PASS ROAD,S2,40,SIR LOWRYS PASS ROAD,565.9068885
706,SIR LOWRYS PASS ROAD,S2,40,SIR LOWRYS PASS ROAD,500.2326489
707,SIR LOWRYS PASS ROAD,S2,40,SIR LOWRYS PASS ROAD,516.1544032
708,SIR LOWRYS PASS ROAD,S2,40,SIR LOWRYS PASS ROAD,137.6043096
709,SIR LOWRYS PASS ROAD,S2,40,SIR LOWRYS PASS ROAD,197.5050113
710,SIR LOWRYS PASS ROAD,S2,40,SIR LOWRYS PASS ROAD,30.95748686
711,SIR LOWRYS PASS ROAD,S2,40,SIR LOWRYS PASS ROAD,40.91930154
712,SIR LOWRYS PASS ROAD,S2,40,SIR LOWRYS PASS ROAD,45.53138582
713,SIR LOWRYS PASS ROAD,S2,40,SIR LOWRYS PASS ROAD,195.8035263
714,SIR LOWRYS PASS ROAD,S2,40,SIR LOWRYS PASS ROAD,47.85658488
715,SIR LOWRYS PASS ROAD,S2,40,SIR LOWRYS PASS ROAD,172.3157999
716,SIR LOWRYS PASS ROAD,S2,40,SIR LOWRYS PASS ROAD,162.4620612
717,SIR LOWRYS PASS ROAD,S2,40,SIR LOWRYS PASS ROAD,163.5352236
718,SIR LOWRYS PASS ROAD,S2,40,SIR LOWRYS PASS ROAD,203.6630644
719,SIR LOWRYS PASS ROAD,S2,40,SIR LOWRYS PASS ROAD,106.1675961
720,SIR LOWRYS PASS ROAD,S2,40,SIR LOWRYS PASS ROAD,118.6735899
721,SIR LOWRYS PASS ROAD,S2,40,SIR LOWRYS PASS ROAD,82.23432219
722,FAURE MARINE DRIVE,S1,41,FAURE MARINE DRIVE,995.9571966
723,FAURE MARINE DRIVE,S1,41,FAURE MARINE DRIVE,466.2868536
724,FAURE MARINE DRIVE,S1,41,FAURE MARINE DRIVE,688.8394668
725, ,S1,41,FAURE MARINE DRIVE,576.3012668
726, ,S1,41,FAURE MARINE DRIVE,1090.102625
727, ,S1,41,FAURE MARINE DRIVE,2530.769914
728, ,S1,41,FAURE MARINE DRIVE,1123.214753
729, ,S1,41,FAURE MARINE DRIVE,44.97512053
730, ,S1,41,FAURE MARINE DRIVE,1627.386744
731, ,S1,41,FAURE MARINE DRIVE,6108.683416
732, ,S1,32,R304,10815.48547
733, ,S1,23b,SIGNAL HILL ROAD,3709.373774
734, ,S1,23a,TAFELBERG ROAD,6507.179987
735,R312 LICHTENBURG ROAD,S1,31,LICHTENBURG ROAD AND R304,5760.39633
736,N7,S1,33,N7,2649.645355
737,N7,S1,33,N7,10418.44215
738,N7,S1,33,N7,790.4647332
739,N7,S1,33,N7,847.8860027
740,N7,S1,33,N7,591.8877807
741,N7,S1,33,N7,659.4650658
742,N7,S1,33,N7,2531.97079
743,N7,S1,33,N7,7285.574742
744,N7,S1,33,N7,4767.148853
745,N7,S1,33,N7,696.0421328
746,N7,S1,33,N7,1914.029892
747,N7,S1,33,N7,2614.873761
748,N7,S1,33,N7,1424.311302
749,N7,S1,33,N7,1426.724695
750,MARINE DRIVE R27,S1,36c,MARINE DRIVE R27,3103.583505
751,MARINE DRIVE R27,S1,36c,MARINE DRIVE R27,896.0936086
752,MARINE DRIVE R27,S1,36c,MARINE DRIVE R27,4009.003488
753,MARINE DRIVE R27,S2,36d,MARINE DRIVE R27,417.6220132
754,MARINE DRIVE R27,S2,36d,MARINE DRIVE R27,905.5221814
755,N1,S1,26,N1,713.271012
756,N1,S1,26,N1,745.2446555
757,N1,S1,26,N1,515.5106742
758,N1,S1,26,N1,15.80794256
759,N1,S1,26,N1,503.0342166
760,N1,S1,26,N1,15.7701574
761,N1,S1,26,N1,516.0012591
762,N1,S1,26,N1,515.4970106
763,N1,S1,26,N1,786.9059227
764,MARINE DRIVE R27,S2,36d,MARINE DRIVE R27,2521.662661
765,MARINE DRIVE R27,S2,36d,MARINE DRIVE R27,1199.876893
766,N1,S1,26,N1,1445.257457
767,N1,S1,26,N1,665.8084225
768,N1,S1,26,N1,378.7702574
769,N1,S1,26,N1,41.36447342
770,N1,S1,26,N1,111.0321067
771,N1,S1,26,N1,468.056784
772,N1,S1,26,N1,22.27954826
773,N1,S1,26,N1,41.24650906
774,N1,S1,26,N1,351.8044556
775,N1,S1,26,N1,486.4551487
776,N1,S1,26,N1,87.90975279
777,N1,S1,26,N1,86.5856009
778,MARINE DRIVE R27,S2,36d,MARINE DRIVE R27,535.8759708
779,MARINE DRIVE R27,S2,36d,MARINE DRIVE R27,535.961114
780,N1,S1,26,N1,340.2931412
781,N1,S1,26,N1,6.492014742
782,N1,S1,26,N1,335.1445205
783,N1,S1,26,N1,6.609401034
784,MARINE DRIVE R27,S2,36d,MARINE DRIVE R27,81.95589021
785,N1,S1,26,N1,217.4556509
786,MARINE DRIVE R27,S2,36d,MARINE DRIVE R27,82.28946319
787,N1,S1,26,N1,188.0605043
788,N1,S1,26,N1,1052.154622
789,MARINE DRIVE R27,S2,36d,MARINE DRIVE R27,91.52538249
790,MARINE DRIVE R27,S2,36d,MARINE DRIVE R27,92.07848928
791,N1,S1,26,N1,938.8763868
792,N1,S1,26,N1,968.9005701
793,N1,S1,26,N1,274.5235837
794,N1,S1,26,N1,203.4682264
795,MARINE DRIVE R27,S2,36d,MARINE DRIVE R27,89.74139445
796,MARINE DRIVE R27,S2,36d,MARINE DRIVE R27,88.63431295
797,N1,S1,26,N1,446.1417612
798,N1,S1,26,N1,1071.7188
799,MARINE DRIVE R27,S2,36d,MARINE DRIVE R27,89.08510886
800,N1,S1,26,N1,1336.979886
801,MARINE DRIVE R27,S2,36d,MARINE DRIVE R27,93.96763159
802,N1,S1,26,N1,1212.1874
803,MARINE DRIVE R27,S2,36d,MARINE DRIVE R27,88.13442148
804,MARINE DRIVE R27,S2,36d,MARINE DRIVE R27,82.45145735
805,MARINE DRIVE R27,S2,36d,MARINE DRIVE R27,139.2160941
806,MARINE DRIVE R27,S2,36d,MARINE DRIVE R27,139.5546208
807,COEN STEYTLER AVENUE,S1,21,EASTERN BOULEVARD,17.67966802
808,N2 EASTERN BOULEVARD,S1,21,EASTERN BOULEVARD,327.0513647
809,N2 EASTERN BOULEVARD,S1,21,EASTERN BOULEVARD,55.22415061
810,COEN STEYTLER AVENUE,S1,21,EASTERN BOULEVARD,17.57573154
811,N1 TABLE BAY BOULEVARD,S1,21,EASTERN BOULEVARD,160.1798555
812,WESTERN BOULEVARD,S1,21,EASTERN BOULEVARD,195.1931461
813,N2 EASTERN BOULEVARD,S1,21,EASTERN BOULEVARD,268.5195632
814,BUITENGRACHT STREET,S1,21,EASTERN BOULEVARD,211.5908359
815,N1 TABLE BAY BOULEVARD,S1,21,EASTERN BOULEVARD,19.17445908
816,N1 TABLE BAY BOULEVARD,S1,21,EASTERN BOULEVARD,246.9531285
817,N1 TABLE BAY BOULEVARD,S1,21,EASTERN BOULEVARD,17.98033748
818,N1 TABLE BAY BOULEVARD,S1,21,EASTERN BOULEVARD,212.4182097
819,N1 TABLE BAY BOULEVARD,S1,21,EASTERN BOULEVARD,17.17619701
820,N1 TABLE BAY BOULEVARD,S1,21,EASTERN BOULEVARD,342.5716194
821,EASTERN BOULEVARD,S1,21,EASTERN BOULEVARD,269.1408898
822,EASTERN BOULEVARD,S1,21,EASTERN BOULEVARD,18.07334891
823,N1 TABLE BAY BOULEVARD,S1,21,EASTERN BOULEVARD,398.6680521
824,N1 TABLE BAY BOULEVARD,S1,21,EASTERN BOULEVARD,21.27023227
825,EASTERN BOULEVARD N2,S1,21,EASTERN BOULEVARD,32.0938968
826,EASTERN BOULEVARD N2,S1,21,EASTERN BOULEVARD,168.6815354
827,EASTERN BOULEVARD N2,S1,21,EASTERN BOULEVARD,24.66560929
828,EASTERN BOULEVARD N2,S1,21,EASTERN BOULEVARD,424.4766141
829,EASTERN BOULEVARD N2,S1,21,EASTERN BOULEVARD,25.21292765
830,EASTERN BOULEVARD N2,S1,21,EASTERN BOULEVARD,415.1676286
831,EASTERN BOULEVARD N2,S1,21,EASTERN BOULEVARD,20.77433651
832,EASTERN BOULEVARD N2,S1,21,EASTERN BOULEVARD,148.2973817
833,EASTERN BOULEVARD N2,S1,21,EASTERN BOULEVARD,129.4810725
834,EASTERN BOULEVARD N2,S1,21,EASTERN BOULEVARD,39.87391455
835,EASTERN BOULEVARD N2,S1,21,EASTERN BOULEVARD,53.86996471
836,EASTERN BOULEVARD N2,S1,21,EASTERN BOULEVARD,81.27620198
837,EASTERN BOULEVARD N2,S1,21,EASTERN BOULEVARD,67.21301872
838,EASTERN BOULEVARD N2,S1,21,EASTERN BOULEVARD,41.88688876
839,EASTERN BOULEVARD N2,S1,21,EASTERN BOULEVARD,44.27899799
840,EASTERN BOULEVARD N2,S1,21,EASTERN BOULEVARD,27.95818482
841,EASTERN BOULEVARD N2,S1,21,EASTERN BOULEVARD,25.5037907
842,EASTERN BOULEVARD N2,S1,21,EASTERN BOULEVARD,65.73549926
843,EASTERN BOULEVARD N2,S1,21,EASTERN BOULEVARD,12.1438976
844,EASTERN BOULEVARD N2,S1,21,EASTERN BOULEVARD,77.54797886
845,SIR LOWRY ROAD,S1,21,EASTERN BOULEVARD,13.02127865
846,SIR LOWRY ROAD,S1,21,EASTERN BOULEVARD,12.93168322
847,EASTERN BOULEVARD N2,S1,21,EASTERN BOULEVARD,92.05632371
848,EASTERN BOULEVARD N2,S1,21,EASTERN BOULEVARD,95.56914819
849,EASTERN BOULEVARD N2,S1,21,EASTERN BOULEVARD,76.90358066
850,EASTERN BOULEVARD N2,S1,21,EASTERN BOULEVARD,88.00278464
851,EASTERN BOULEVARD N2,S1,21,EASTERN BOULEVARD,52.53027376
852,EASTERN BOULEVARD N2,S1,21,EASTERN BOULEVARD,51.96624027
853,EASTERN BOULEVARD N2,S1,21,EASTERN BOULEVARD,467.8933264
854,EASTERN BOULEVARD N2,S1,21,EASTERN BOULEVARD,504.4531853
855,EASTERN BOULEVARD N2,S1,21,EASTERN BOULEVARD,239.6181434
856,EASTERN BOULEVARD N2,S1,21,EASTERN BOULEVARD,22.43198675
857,EASTERN BOULEVARD N2,S1,21,EASTERN BOULEVARD,213.4499105
858,EASTERN BOULEVARD N2,S1,21,EASTERN BOULEVARD,18.56522473
859,EASTERN BOULEVARD N2,S1,21,EASTERN BOULEVARD,270.6811106
860,EASTERN BOULEVARD N2,S1,21,EASTERN BOULEVARD,250.6760585
861,EASTERN BOULEVARD N2,S1,21,EASTERN BOULEVARD,575.4678798
862,EASTERN BOULEVARD N2,S1,21,EASTERN BOULEVARD,77.56704922
863,EASTERN BOULEVARD N2,S1,21,EASTERN BOULEVARD,46.44822555
864,EASTERN BOULEVARD N2,S1,21,EASTERN BOULEVARD,177.9558974
865,EASTERN BOULEVARD N2,S1,21,EASTERN BOULEVARD,180.361234
866,EASTERN BOULEVARD N2,S1,21,EASTERN BOULEVARD,165.7244355
867,EASTERN BOULEVARD N2,S1,21,EASTERN BOULEVARD,31.20697991
868,EASTERN BOULEVARD N2,S1,21,EASTERN BOULEVARD,67.68191227
869,EASTERN BOULEVARD N2,S1,21,EASTERN BOULEVARD,153.2198113
870,EASTERN BOULEVARD N2,S1,21,EASTERN BOULEVARD,131.7121941
871,EASTERN BOULEVARD N2,S1,21,EASTERN BOULEVARD,281.9276718
872,EASTERN BOULEVARD N2,S1,21,EASTERN BOULEVARD,705.7753262
873,EASTERN BOULEVARD N2,S1,21,EASTERN BOULEVARD,457.7596835
874,EASTERN BOULEVARD N2,S1,21,EASTERN BOULEVARD,228.9560364
875,EASTERN BOULEVARD N2,S1,21,EASTERN BOULEVARD,248.6726294
876,DE WAAL DRIVE M3,S1,21,EASTERN BOULEVARD,559.694028
877,DEWAAL DRIVE,S1,21,EASTERN BOULEVARD,14.8202005
878,DE WAAL DRIVE M3,S1,21,EASTERN BOULEVARD,522.5492126
879,SETTLERS WAY N2,S1,21,EASTERN BOULEVARD,13.01405766
880,SETTLERS WAY N2,S1,21,EASTERN BOULEVARD,12.91505071
881,SETTLERS WAY,S1,21,EASTERN BOULEVARD,13.10526789
882,SETTLERS WAY N2,S1,21,EASTERN BOULEVARD,242.8280684
883,SETTLERS WAY N2,S1,21,EASTERN BOULEVARD,137.7081878
884,SETTLERS WAY N2,S1,21,EASTERN BOULEVARD,232.6551242
885,SETTLERS WAY N2,S1,21,EASTERN BOULEVARD,152.0368494
886,DEWAAL DRIVE M3,S1,21,EASTERN BOULEVARD,140.721739
887,SETTLERS WAY N2,S1,21,EASTERN BOULEVARD,247.371513
888,SETTLERS WAY N2,S1,21,EASTERN BOULEVARD,6.7766344
889,SETTLERS WAY N2,S1,21,EASTERN BOULEVARD,15.46080649
890,SETTLERS WAY N2,S1,21,EASTERN BOULEVARD,17.39830515
891,SETTLERS WAY N2,S1,21,EASTERN BOULEVARD,221.7280054
892,SETTLERS WAY N2,S1,21,EASTERN BOULEVARD,19.52318806
893,SETTLERS WAY N2,S1,21,EASTERN BOULEVARD,15.66632115
894,SETTLERS WAY N2,S1,21,EASTERN BOULEVARD,4.941521849
895,SETTLERS WAY N2,S1,21,EASTERN BOULEVARD,203.3508427
896,SETTLERS WAY,S1,21,EASTERN BOULEVARD,8.229659989
897,SETTLERS WAY N2,S1,21,EASTERN BOULEVARD,213.0045455
898,SETTLERS WAY,S1,21,EASTERN BOULEVARD,8.10541964
899,SETTLERS WAY N2,S1,21,EASTERN BOULEVARD,108.5488705
900,SETTLERS WAY N2,S1,21,EASTERN BOULEVARD,103.7848589
901,DE WAAL DRIVE M3,S1,21,EASTERN BOULEVARD,301.4484442
902,DEWAAL DRIVE M3,S1,21,EASTERN BOULEVARD,186.3286113
903,SETTLERS WAY N2,S1,21,EASTERN BOULEVARD,298.528709
904,SETTLERS WAY N2,S1,21,EASTERN BOULEVARD,9.836553727
905,SETTLERS WAY N2,S1,21,EASTERN BOULEVARD,300.5019965
906,SETTLERS WAY N2,S1,21,EASTERN BOULEVARD,9.792963844
907,SETTLERS WAY N2,S1,21,EASTERN BOULEVARD,106.4330948
908,SETTLERS WAY N2,S1,21,EASTERN BOULEVARD,415.2870457
909,SETTLERS WAY N2,S1,21,EASTERN BOULEVARD,162.7721093
910,RHODES DRIVE N2,S1,21,EASTERN BOULEVARD,72.36961773
911,SETTLERS WAY N2,S1,21,EASTERN BOULEVARD,122.4787614
912,DE WAAL DRIVE M3,S1,21,EASTERN BOULEVARD,103.9226185
913,SETTLERS WAY N2,S1,21,EASTERN BOULEVARD,8.547907963
914,RHODES DRIVE,S1,21,EASTERN BOULEVARD,8.633975471
915,SETTLERS WAY N2,S1,21,EASTERN BOULEVARD,167.3174182
916,SETTLERS WAY N2,S1,21,EASTERN BOULEVARD,187.3226852
917,DE WAAL DRIVE,S1,21,EASTERN BOULEVARD,8.923530567
918,SETTLERS WAY N2,S1,21,EASTERN BOULEVARD,8.671465673
919,SETTLERS WAY N2,S1,21,EASTERN BOULEVARD,136.2451089
920,RHODES DRIVE M3,S1,21,EASTERN BOULEVARD,137.9946018
921,DE WAAL DRIVE M3,S1,21,EASTERN BOULEVARD,283.1247294
922,DE WAAL DRIVE M3,S1,21,EASTERN BOULEVARD,244.9344763
923,RHODES DRIVE,S1,20,RHODES DRIVE,367.3287194
924,RHODES DRIVE M3,S1,20,RHODES DRIVE,51.15029027
925,RHODES DRIVE M3,S1,20,RHODES DRIVE,177.6536852
926,RHODES DRIVE M3,S1,20,RHODES DRIVE,633.121661
927,RHODES DRIVE M3,S1,20,RHODES DRIVE,313.5312966
928,RHODES DRIVE M3,S1,20,RHODES DRIVE,111.747694
929,RHODES DRIVE M3,S1,20,RHODES DRIVE,124.545519
930,RHODES DRIVE M3,S1,20,RHODES DRIVE,41.59123821
931,RHODES DRIVE M3,S1,20,RHODES DRIVE,14.80251682
932,RHODES DRIVE M3,S1,20,RHODES DRIVE,811.7372859
933,RHODES DRIVE M3,S1,20,RHODES DRIVE,394.8172458
934,RHODES DRIVE M3,S1,20,RHODES DRIVE,1200.360358
935,UNION AVENUE M3,S1,20,RHODES DRIVE,24.37812844
936,UNION AVENUE M3,S1,20,RHODES DRIVE,60.69724803
937,UNION AVENUE M3,S1,20,RHODES DRIVE,142.8692675
938,UNION AVENUE M3,S1,20,RHODES DRIVE,54.4548691
939,UNION AVENUE M3,S1,20,RHODES DRIVE,8.556567191
940,UNION AVENUE M3,S1,20,RHODES DRIVE,172.0989123
941,UNION AVENUE M3,S1,20,RHODES DRIVE,7.463707867
942,UNION AVENUE M3,S1,20,RHODES DRIVE,92.63788277
943,UNION AVENUE M3,S1,20,RHODES DRIVE,832.7708622
944,UNION AVENUE M3,S1,20,RHODES DRIVE,988.4882388
945,UNION AVENUE M3,S1,20,RHODES DRIVE,147.7291488
946,UNION AVENUE M3,S1,20,RHODES DRIVE,626.2751841
947,UNION AVENUE M3,S1,20,RHODES DRIVE,737.3768806
948,PARADISE ROAD M3,S2,13c,EDINBURGH DRIVE,185.4579722
949,PARADISE ROAD M3,S2,13c,EDINBURGH DRIVE,224.50239
950,PARADISE ROAD M3,S2,13c,EDINBURGH DRIVE,110.7063907
951,PARADISE ROAD M3,S2,13c,EDINBURGH DRIVE,112.6878691
952,PARADISE ROAD M3,S2,13c,EDINBURGH DRIVE,121.6125119
953,PARADISE ROAD M3,S2,13c,EDINBURGH DRIVE,80.83181064
954,PARADISE ROAD M3,S2,13c,EDINBURGH DRIVE,79.96215494
955,PARADISE ROAD M3,S2,13c,EDINBURGH DRIVE,73.08561053
956,PARADISE ROAD M3,S2,13c,EDINBURGH DRIVE,10.78595843
957,PARADISE ROAD M3,S2,13c,EDINBURGH DRIVE,69.74025968
958,PARADISE ROAD M3,S2,13c,EDINBURGH DRIVE,79.90010096
959,PARADISE ROAD M3,S2,13c,EDINBURGH DRIVE,139.2171073
960,EDINBURGH DRIVE M3,S2,13c,EDINBURGH DRIVE,11.43678935
961,EDINBURGH DRIVE M3,S2,13c,EDINBURGH DRIVE,32.70697455
962,EDINBURGH DRIVE M3,S2,13c,EDINBURGH DRIVE,220.5986311
963,EDINBURGH DRIVE M3,S2,13c,EDINBURGH DRIVE,74.62702283
964,EDINBURGH DRIVE M3,S2,13c,EDINBURGH DRIVE,494.6137088
965,EDINBURGH DRIVE M3,S2,13c,EDINBURGH DRIVE,111.7369811
966,EDINBURGH DRIVE M3,S2,13c,EDINBURGH DRIVE,280.6907698
967,EDINBURGH DRIVE M3,S2,13c,EDINBURGH DRIVE,359.7998797
968,EDINBURGH DRIVE M3,S2,13c,EDINBURGH DRIVE,375.1075349
969,EDINBURGH DRIVE M3,S2,13c,EDINBURGH DRIVE,10.69501104
970,EDINBURGH DRIVE M3,S2,13c,EDINBURGH DRIVE,133.6502595
971,EDINBURGH DRIVE M3,S2,13c,EDINBURGH DRIVE,143.6686644
972,EDINBURGH DRIVE M3,S2,13c,EDINBURGH DRIVE,13.88480072
973,EDINBURGH DRIVE M3,S2,13c,EDINBURGH DRIVE,36.03881715
974,EDINBURGH DRIVE M3,S2,13c,EDINBURGH DRIVE,199.6937857
975,EDINBURGH DRIVE M3,S2,13c,EDINBURGH DRIVE,185.7016698
976,EDINBURGH DRIVE M3,S2,13c,EDINBURGH DRIVE,10.42858633
977,EDINBURGH DRIVE M3,S2,13c,EDINBURGH DRIVE,453.8061474
978,EDINBURGH DRIVE M3,S2,13c,EDINBURGH DRIVE,468.2052878
979,N2,S1,37,N2,472.9834784
980,N2,S1,37,N2,582.4228863
981,N2,S1,37,N2,1945.397059
982,N2,S1,37,N2,2067.735134
983,N2,S1,37,N2,2734.416052
984,N2,S1,37,N2,2878.302013
985,N2,S1,37,N2,618.7342082
986,N2,S1,37,N2,487.3542453
987,N2,S1,37,N2,483.7580754
988,N2,S1,37,N2,615.2122866
989,N2,S1,37,N2,3343.98859
990,N2,S1,37,N2,3474.695734
991,N2,S1,37,N2,451.2041917
992,N2,S1,37,N2,462.1185731
993,N2,S1,39,SIR LOWRY'S PASS,73.98747165
994,N2,S1,39,SIR LOWRY'S PASS,1505.374006
995,N2,S1,39,SIR LOWRY'S PASS,3543.762476
996,N2,S1,39,SIR LOWRY'S PASS,4.086407233
997,N2,S1,39,SIR LOWRY'S PASS,951.1372078
998,N2,S1,39,SIR LOWRY'S PASS,52.51482623
999,N2,S1,39,SIR LOWRY'S PASS,2572.921866
1000,N2,S1,39,SIR LOWRY'S PASS,1394.50077
1001,N2,S1,39,SIR LOWRY'S PASS,1101.506093
1002, ,S2,23d,KLOOF ROAD,270.7402167
1003,KLOOF ROAD,S2,23d,KLOOF ROAD,8.71988856
1004,KLOOF ROAD,S2,23d,KLOOF ROAD,77.47095045
1005,KLOOF ROAD,S2,23d,KLOOF ROAD,16.12477271
1006,KLOOF ROAD,S2,23d,KLOOF ROAD,58.53002532
1007,KLOOF ROAD,S2,23d,KLOOF ROAD,169.4070462
1008,KLOOF ROAD,S2,23d,KLOOF ROAD,183.8085855
1009,KLOOF ROAD,S2,23d,KLOOF ROAD,21.39293248
1010,KLOOF ROAD,S2,23d,KLOOF ROAD,149.4022993
1011,KLOOF ROAD,S2,23d,KLOOF ROAD,144.5025772
1012,KLOOF ROAD,S1,23c,KLOOF ROAD,1360.395927
1013, ,S2,23d,KLOOF ROAD,4.249973943
1014,VICTORIA ROAD,S1,17b,VICTORIA ROAD,6626.64448
1015,VICTORIA ROAD,S2,17c,VICTORIA AND BEACH ROADS,963.3196153
1016,MAIN ROAD,S1,2a,MAIN ROAD,6899.436741
1017,PLATEAU ROAD,S1,1,PLATEAU ROAD,222.1658349
1018, ,S1,30b,R302 KLIPHEUWEL MAIN ROAD,1852.892069
1019, ,S1,32,R304,3861.906276
1020,CHAPMANS PEAK DRIVE,S1,11,CHAPMAN'S PEAK DRIVE,2025.463442
1021,BADEN POWELL DRIVE,S1,25b,BADEN POWELL DRIVE,671.0041793
1022,BEACH ROAD,S2,38b,R44 / BEACH ROAD,1756.9548
1023,BEACH ROAD,S2,38b,R44 / BEACH ROAD,18.25443091
1024,BEACH ROAD,S2,38b,R44 / BEACH ROAD,61.84659723
1025,COAST ROAD,S2,38b,R44 / BEACH ROAD,151.0468397
1026,COAST ROAD,S1,38a,R44 / BEACH ROAD,1079.488871
1027, ,S1,30b,R302 KLIPHEUWEL MAIN ROAD,1121.661173
1028,CHAREL UYS DRIVE,S1,34b,CHAREL UYS DRIVE,777.4410668
1029,CHAREL UYS DRIVE,S1,34b,CHAREL UYS DRIVE,317.1651863
1030,CHAREL UYS DRIVE,S1,34b,CHAREL UYS DRIVE,508.459827
1031,CHAREL UYS DRIVE,S1,34b,CHAREL UYS DRIVE,813.9224406
1032,CHAREL UYS DRIVE,S1,34b,CHAREL UYS DRIVE,738.1250408
1033,R304,S2,34a,R304 MAMRE ROAD,1186.891615
1034,REYGERSDAL DRIVE,S2,34a,R304 MAMRE ROAD,470.664342
1035,OTTO DU PLESSIS DRIVE,S1,36a,OTTO DU PLESSIS DRIVE,6627.333586
1036,OTTO DU PLESSIS DRIVE,S2,36b,OTTO DU PLESSIS DRIVE,305.8651874
1037,BUITENGRACHT STREET,S2,24b,BUITENGRACHT STREET,450.800466
1038,BUITENGRACHT STREET,S2,24b,BUITENGRACHT STREET,8.923950046
1039,BEACH ROAD,S2,17c,VICTORIA AND BEACH ROADS,687.4547997
1040,BEACH ROAD,S2,17c,VICTORIA AND BEACH ROADS,248.1170188
1041,BEACH ROAD,S2,17c,VICTORIA AND BEACH ROADS,244.4620214
1042,BEACH ROAD,S2,17c,VICTORIA AND BEACH ROADS,7.967193034
1043,BUITENGRACHT STREET,S2,22b,ORANGE / MILL STREETS,9.706880551
1044,BUITENSINGEL STREET,S2,22b,ORANGE / MILL STREETS,39.60306035
1045,BUITENSINGEL STREET,S2,22b,ORANGE / MILL STREETS,43.96290733
1046,BUITENSINGEL STREET,S2,22b,ORANGE / MILL STREETS,47.3970966
1047,BUITENSINGEL STREET,S2,22b,ORANGE / MILL STREETS,35.80038588
1048,BUITENSINGEL STREET,S2,22b,ORANGE / MILL STREETS,57.73073157
1049,BUITENSINGEL STREET,S2,22b,ORANGE / MILL STREETS,10.10020281
1050,ORANGE STREET,S2,22b,ORANGE / MILL STREETS,131.0811129
1051,ORANGE STREET,S2,22b,ORANGE / MILL STREETS,71.77471685
1052,ORANGE STREET,S2,22b,ORANGE / MILL STREETS,44.54383436
1053,ORANGE STREET,S2,22b,ORANGE / MILL STREETS,61.48918002
1054,ORANGE STREET,S2,22b,ORANGE / MILL STREETS,229.6098951
1055,ORANGE STREET,S2,22b,ORANGE / MILL STREETS,137.7665841
1056,MILL STREET,S2,22b,ORANGE / MILL STREETS,8.30733153
1057,ANNADALE STREET,S2,22b,ORANGE / MILL STREETS,194.2749916
1058,MILL STREET,S2,22b,ORANGE / MILL STREETS,34.97988593
1059,MILL STREET,S2,22b,ORANGE / MILL STREETS,63.19405477
1060,MILL STREET,S2,22b,ORANGE / MILL STREETS,50.44845731
1061,JUTLAND AVENUE,S2,22b,ORANGE / MILL STREETS,156.1052523
1062,JUTLAND AVENUE,S2,22b,ORANGE / MILL STREETS,64.22774295
1063,JUTLAND AVENUE,S2,22b,ORANGE / MILL STREETS,195.5023892
1064,JUTLAND AVENUE,S2,22b,ORANGE / MILL STREETS,48.62408512
1065,JUTLAND AVENUE,S2,22b,ORANGE / MILL STREETS,122.1337339
1066,JUTLAND AVENUE,S2,22b,ORANGE / MILL STREETS,242.1713603
1067,LADIES MILE ROAD,S2,12b,SPAANSCHEMAT RIVER ROAD,198.4852612
1068,LADIES MILE ROAD,S2,12b,SPAANSCHEMAT RIVER ROAD,91.33732303
1069,LADIES MILE ROAD,S2,12b,SPAANSCHEMAT RIVER ROAD,425.9496895
1070,LADIES MILE ROAD,S2,12b,SPAANSCHEMAT RIVER ROAD,131.6562172
1071,LADIES MILE ROAD,S2,12b,SPAANSCHEMAT RIVER ROAD,17.34417912
1072,LADIES MILE ROAD,S2,12b,SPAANSCHEMAT RIVER ROAD,109.5716776
1073,VISSERSHOK ROAD,S1,28b,VISSERSHOK ROAD,4258.718043
1074,N1,S1,26,N1,429.6482929
1075,N1,S1,26,N1,467.2134693
1076,N1,S1,26,N1,618.8547397
1077,N1,S1,26,N1,656.0713786
1078,N1,S1,26,N1,1267.344696
1079,N1,S1,26,N1,17.09580659
1080,N1,S1,26,N1,1454.302016
1081,N1,S1,26,N1,17.99800518
1082,N1,S1,26,N1,509.8251896
1083,N1,S1,26,N1,654.2847406
1084,N1,S1,26,N1,509.2777709
1085,N1,S1,26,N1,9.419453176
1086,N1,S1,26,N1,365.5842253
1087,N1,S1,26,N1,9.137159367
1088,N1,S1,26,N1,1303.616298
1089,N1,S1,26,N1,419.18249
1090,N1,S1,26,N1,396.6625788
1091,N1,S1,26,N1,1141.589771
1092,M19,S1,35,MELKBOSSTRAND ROAD,2851.40918
1093,R304,S1,31,LICHTENBURG ROAD AND R304,6330.020449
1094,N2,S1,39,SIR LOWRY'S PASS,1850.535185
1095,N2,S1,39,SIR LOWRY'S PASS,170.1781644
1096,N2,S1,39,SIR LOWRY'S PASS,1027.067968
1097,FAURE ROAD,S1,41,FAURE MARINE DRIVE,315.7516289
1098,BEACH ROAD,S1,41,FAURE MARINE DRIVE,1766.184657
1099,FAURE MARINE DRIVE,S1,41,FAURE MARINE DRIVE,75.2996794
1100, , , , ,0.631651773
1101,WILLIE VAN SCHOOR AVENUE,S2,29,DURBAN ROAD,10.42365323
1102,WILLIE VAN SCHOOR AVENUE,S2,29,DURBAN ROAD,592.7122632
1103,WILLIE VAN SCHOOR AVENUE,S2,29,DURBAN ROAD,13.18824265
1104,CHAPMAN'S PEAK DRIVE,S1,11,CHAPMAN'S PEAK DRIVE,2982.095722
